venäjä,suomi
бесперебойный,keskeytymätön/hyvin toimiva huolto esim.
лесозаготовительная техника,metsätyötekniikka
лесозаготовитель,metsuri/metsätyöntekijä
внедрение,hyödyntäminen/käyttöönotto
заготовка,hankinta/hakkuu
высокопроизводительный,tehokas/hyvätuottoinen/runsastuloksinen
делянка,palsta/metsäpalsta/hakkuupalsta/
дать сбой,toimintahäiriö
аксиома,selviö
хлыстовый,tukki(latvuksineen)/puutavaran kuljetus latvuksineen
неполадки,viat/häiriöt/koneviat
дислокаций,sijoitus
буферный склад,puskurivarasto(?)
навесное оборудование.,riippu/kannatin
клапан гидромотора.,venttiili/läppä
форвардер,forwarderi
всестороннего,-
